sku,tax:product_cat,images
BM6X120RB,Handle Towelbar Combo,https://www.framelessshowerdoors.com/media/catalog/product/b/m/bm6x120rb.gif
BM6X12ABR,Handle Towelbar Combo,https://www.framelessshowerdoors.com/media/catalog/product/b/m/bm6x12abr.gif
BM6X12BN,Handle Towelbar Combo,https://www.framelessshowerdoors.com/media/catalog/product/b/m/bm6x12bn.gif
BM6X12BR,Handle Towelbar Combo,https://www.framelessshowerdoors.com/media/catalog/product/b/m/bm6x12br.gif
BM6X12BSC,Handle Towelbar Combo,https://www.framelessshowerdoors.com/media/catalog/product/b/m/bm6x12bsc.gif
BM6X12CH,Handle Towelbar Combo,https://www.framelessshowerdoors.com/media/catalog/product/b/m/bm6x12ch.gif
BM6X12PN,Handle Towelbar Combo,https://www.framelessshowerdoors.com/media/catalog/product/b/m/bm6x12pn.gif
BM6X12SB,Handle Towelbar Combo,https://www.framelessshowerdoors.com/media/catalog/product/b/m/bm6x12sb.gif
BM6X12SC,Handle Towelbar Combo,https://www.framelessshowerdoors.com/media/catalog/product/b/m/bm6x12sc.gif
BM6X12SN,Handle Towelbar Combo,https://www.framelessshowerdoors.com/media/catalog/product/b/m/bm6x12sn_3.jpg
BM6X12W,Handle Towelbar Combo,https://www.framelessshowerdoors.com/media/catalog/product/b/m/bm6x12w.gif
SDP6TB12GM,Handle Towelbar Combo,https://www.framelessshowerdoors.com/media/catalog/product/s/d/sdp6tb12gm.gif
SDP6TB12RD,Handle Towelbar Combo,https://www.framelessshowerdoors.com/media/catalog/product/s/d/sdp6tb12rd.gif
BM6X180RB,Handle Towelbar Combo,https://www.framelessshowerdoors.com/media/catalog/product/b/m/bm6x180rb.gif
BM6X18ABC0,Handle Towelbar Combo,https://www.framelessshowerdoors.com/media/catalog/product/b/m/bm6x18abc0.gif
BM6X18ABR,Handle Towelbar Combo,https://www.framelessshowerdoors.com/media/catalog/product/b/m/bm6x18abr.gif
BM6X18ABRZ,Handle Towelbar Combo,https://www.framelessshowerdoors.com/media/catalog/product/b/m/bm6x18abrz.gif
BM6X18BL,Handle Towelbar Combo,https://www.framelessshowerdoors.com/media/catalog/product/b/m/bm6x18bl.gif
BM6X18BN,Handle Towelbar Combo,https://www.framelessshowerdoors.com/media/catalog/product/b/m/bm6x18bn.gif
BM6X18BR,Handle Towelbar Combo,https://www.framelessshowerdoors.com/media/catalog/product/b/m/bm6x18br.gif
BM6X18BSC,Handle Towelbar Combo,https://www.framelessshowerdoors.com/media/catalog/product/b/m/bm6x18bsc.gif
BM6X18CH,Handle Towelbar Combo,https://www.framelessshowerdoors.com/media/catalog/product/b/m/bm6x18ch.gif
BM6X18PN,Handle Towelbar Combo,https://www.framelessshowerdoors.com/media/catalog/product/b/m/bm6x18pn.gif
BM6X18SB,Handle Towelbar Combo,https://www.framelessshowerdoors.com/media/catalog/product/b/m/bm6x18sb.gif
BM6X18SC,Handle Towelbar Combo,https://www.framelessshowerdoors.com/media/catalog/product/b/m/bm6x18sc.gif
BM6X18SN,Handle Towelbar Combo,https://www.framelessshowerdoors.com/media/catalog/product/b/m/bm6x18sn.gif
BM6X18W,Handle Towelbar Combo,https://www.framelessshowerdoors.com/media/catalog/product/b/m/bm6x18w.gif
SDP6TB18ABN,Handle Towelbar Combo,https://www.framelessshowerdoors.com/media/catalog/product/s/d/sdp6tb18abn.jpg
SDP6TB18BBRZ,Handle Towelbar Combo,https://www.framelessshowerdoors.com/media/catalog/product/s/d/sdp6tb18bbrz.gif
SDP6TB18GM,Handle Towelbar Combo,https://www.framelessshowerdoors.com/media/catalog/product/s/d/sdp6tb18gm.jpg
SDP6TB18GP,Handle Towelbar Combo,https://www.framelessshowerdoors.com/media/catalog/product/s/d/sdp6tb18gp.jpg
BM6X220RB,Handle Towelbar Combo,https://www.framelessshowerdoors.com/media/catalog/product/b/m/bm6x220rb.gif
BM6X22BN,Handle Towelbar Combo,https://www.framelessshowerdoors.com/media/catalog/product/b/m/bm6x22bn.gif
BM6X22BR,Handle Towelbar Combo,https://www.framelessshowerdoors.com/media/catalog/product/b/m/bm6x22br.gif
BM6X22BSC,Handle Towelbar Combo,https://www.framelessshowerdoors.com/media/catalog/product/b/m/bm6x22bsc.gif
BM6X22CH,Handle Towelbar Combo,https://www.framelessshowerdoors.com/media/catalog/product/b/m/bm6x22ch.gif
BM6X22PN,Handle Towelbar Combo,https://www.framelessshowerdoors.com/media/catalog/product/b/m/bm6x22pn.gif
BM6X22SB,Handle Towelbar Combo,https://www.framelessshowerdoors.com/media/catalog/product/b/m/bm6x22sb.gif
BM6X22SC,Handle Towelbar Combo,https://www.framelessshowerdoors.com/media/catalog/product/b/m/bm6x22sc.gif
BM6X22SN,Handle Towelbar Combo,https://www.framelessshowerdoors.com/media/catalog/product/b/m/bm6x22sn.gif
BM6X22W,Handle Towelbar Combo,https://www.framelessshowerdoors.com/media/catalog/product/b/m/bm6x22w.gif
BM6X240RB,Handle Towelbar Combo,https://www.framelessshowerdoors.com/media/catalog/product/b/m/bm6x240rb.gif
BM6X24ABC0,Handle Towelbar Combo,https://www.framelessshowerdoors.com/media/catalog/product/b/m/bm6x24abc0.gif
BM6X24ABR,Handle Towelbar Combo,https://www.framelessshowerdoors.com/media/catalog/product/b/m/bm6x24abr.gif
BM6X24BN,Handle Towelbar Combo,https://www.framelessshowerdoors.com/media/catalog/product/b/m/bm6x24bn.gif
BM6X24BR,Handle Towelbar Combo,https://www.framelessshowerdoors.com/media/catalog/product/b/m/bm6x24br.gif
BM6X24BSC,Handle Towelbar Combo,https://www.framelessshowerdoors.com/media/catalog/product/b/m/bm6x24bsc.gif
BM6X24CH,Handle Towelbar Combo,https://www.framelessshowerdoors.com/media/catalog/product/b/m/bm6x24ch.gif
BM6X24PN,Handle Towelbar Combo,https://www.framelessshowerdoors.com/media/catalog/product/b/m/bm6x24pn.gif
BM6X24SB,Handle Towelbar Combo,https://www.framelessshowerdoors.com/media/catalog/product/b/m/bm6x24sb.gif
BM6X24SC,Handle Towelbar Combo,https://www.framelessshowerdoors.com/media/catalog/product/b/m/bm6x24sc.gif
BM6X24SN,Handle Towelbar Combo,https://www.framelessshowerdoors.com/media/catalog/product/b/m/bm6x24sn.gif
BM6X24W,Handle Towelbar Combo,https://www.framelessshowerdoors.com/media/catalog/product/b/m/bm6x24w.gif
SDP6TB24ABN,Handle Towelbar Combo,https://www.framelessshowerdoors.com/media/catalog/product/s/d/sdp6tb24abn.jpg
SDP6TB24BBRZ,Handle Towelbar Combo,https://www.framelessshowerdoors.com/media/catalog/product/s/d/sdp6tb24bbrz.gif
SDP6TB24BL,Handle Towelbar Combo,https://www.framelessshowerdoors.com/media/catalog/product/s/d/sdp6tb24bl.jpg
SDP6TB24GM,Handle Towelbar Combo,https://www.framelessshowerdoors.com/media/catalog/product/s/d/sdp6tb24gm.jpg
SDP6TB24GP,Handle Towelbar Combo,https://www.framelessshowerdoors.com/media/catalog/product/s/d/sdp6tb24gp.jpg
SDP6TB24RD,Handle Towelbar Combo,https://www.framelessshowerdoors.com/media/catalog/product/s/d/sdp6tb24rd.jpg
BM8X180RB,Handle Towelbar Combo,https://www.framelessshowerdoors.com/media/catalog/product/b/m/bm8x180rb.gif
BM8X18ABC0,Handle Towelbar Combo,https://www.framelessshowerdoors.com/media/catalog/product/b/m/bm8x18abc0.gif
BM8X18ABR,Handle Towelbar Combo,https://www.framelessshowerdoors.com/media/catalog/product/b/m/bm8x18abr.gif
BM8X18ABRZ,Handle Towelbar Combo,https://www.framelessshowerdoors.com/media/catalog/product/b/m/bm8x18abrz.gif
BM8X18BL,Handle Towelbar Combo,https://www.framelessshowerdoors.com/media/catalog/product/b/m/bm8x18bl.gif
BM8X18BN,Handle Towelbar Combo,https://www.framelessshowerdoors.com/media/catalog/product/b/m/bm8x18bn.gif
BM8X18BR,Handle Towelbar Combo,https://www.framelessshowerdoors.com/media/catalog/product/b/m/bm8x18br.gif
BM8X18BSC,Handle Towelbar Combo,https://www.framelessshowerdoors.com/media/catalog/product/b/m/bm8x18bsc.gif
BM8X18CH,Handle Towelbar Combo,https://www.framelessshowerdoors.com/media/catalog/product/b/m/bm8x18ch.gif
BM8X18GP,Handle Towelbar Combo,https://www.framelessshowerdoors.com/media/catalog/product/b/m/bm8x18gp.gif
BM8X18PN,Handle Towelbar Combo,https://www.framelessshowerdoors.com/media/catalog/product/b/m/bm8x18pngif.gif
BM8X18SB,Handle Towelbar Combo,https://www.framelessshowerdoors.com/media/catalog/product/b/m/bm8x18sb.gif
BM8X18SC,Handle Towelbar Combo,https://www.framelessshowerdoors.com/media/catalog/product/b/m/bm8x18sc.gif
BM8X18SN,Handle Towelbar Combo,https://www.framelessshowerdoors.com/media/catalog/product/b/m/bm8x18sn.gif
BM8X18W,Handle Towelbar Combo,https://www.framelessshowerdoors.com/media/catalog/product/b/m/bm8x18w.gif
BM8X20CH,Handle Towelbar Combo,https://www.framelessshowerdoors.com/media/catalog/product/b/m/bm8x20ch.gif
BM8X220RB,Handle Towelbar Combo,https://www.framelessshowerdoors.com/media/catalog/product/b/m/bm8x220rb.gif
BM8X22BN,Handle Towelbar Combo,https://www.framelessshowerdoors.com/media/catalog/product/b/m/bm8x22bn.gif
BM8X22BR,Handle Towelbar Combo,https://www.framelessshowerdoors.com/media/catalog/product/b/m/bm8x22br.gif
BM8X22BSC,Handle Towelbar Combo,https://www.framelessshowerdoors.com/media/catalog/product/b/m/bm8x22bsc.gif
BM8X22CH,Handle Towelbar Combo,https://www.framelessshowerdoors.com/media/catalog/product/b/m/bm8x22ch.gif
BM8X22PN,Handle Towelbar Combo,https://www.framelessshowerdoors.com/media/catalog/product/b/m/bm8x22pn.gif
BM8X22SB,Handle Towelbar Combo,https://www.framelessshowerdoors.com/media/catalog/product/b/m/bm8x22sb.gif
BM8X22SC,Handle Towelbar Combo,https://www.framelessshowerdoors.com/media/catalog/product/b/m/bm8x22sc.gif
BM8X22SN,Handle Towelbar Combo,https://www.framelessshowerdoors.com/media/catalog/product/b/m/bm8x22sn.gif
BM8X22W,Handle Towelbar Combo,https://www.framelessshowerdoors.com/media/catalog/product/b/m/bm8x22w.gif
BM8X240RB,Handle Towelbar Combo,https://www.framelessshowerdoors.com/media/catalog/product/b/m/bm8x240rb.gif
BM8X24ABR,Handle Towelbar Combo,https://www.framelessshowerdoors.com/media/catalog/product/b/m/bm8x24abr.gif
BM8X24ABRZ,Handle Towelbar Combo,https://www.framelessshowerdoors.com/media/catalog/product/b/m/bm8x24abrz.gif
BM8X24BN,Handle Towelbar Combo,https://www.framelessshowerdoors.com/media/catalog/product/b/m/bm8x24bn.gif
BM8X24BR,Handle Towelbar Combo,https://www.framelessshowerdoors.com/media/catalog/product/b/m/bm8x24br.gif
BM8X24BSC,Handle Towelbar Combo,https://www.framelessshowerdoors.com/media/catalog/product/b/m/bm8x24bsc.gif
BM8X24CH,Handle Towelbar Combo,https://www.framelessshowerdoors.com/media/catalog/product/b/m/bm8x24ch.gif
BM8X24PN,Handle Towelbar Combo,https://www.framelessshowerdoors.com/media/catalog/product/b/m/bm8x24pn.gif
BM8X24SB,Handle Towelbar Combo,https://www.framelessshowerdoors.com/media/catalog/product/b/m/bm8x24sb.gif
BM8X24SC,Handle Towelbar Combo,https://www.framelessshowerdoors.com/media/catalog/product/b/m/bm8x24sc.gif
BM8X24SN,Handle Towelbar Combo,https://www.framelessshowerdoors.com/media/catalog/product/b/m/bm8x24sn.gif
BM8X24W,Handle Towelbar Combo,https://www.framelessshowerdoors.com/media/catalog/product/b/m/bm8x24w.gif
BM12X240RB,Handle Towelbar Combo,https://www.framelessshowerdoors.com/media/catalog/product/b/m/bm12x240rb.gif
BM12X24BN,Handle Towelbar Combo,https://www.framelessshowerdoors.com/media/catalog/product/b/m/bm12x24bn.gif
BM12X24BR,Handle Towelbar Combo,https://www.framelessshowerdoors.com/media/catalog/product/b/m/bm12x24br.gif
BM12X24BSC,Handle Towelbar Combo,https://www.framelessshowerdoors.com/media/catalog/product/b/m/bm12x24bsc.gif
BM12X24CH,Handle Towelbar Combo,https://www.framelessshowerdoors.com/media/catalog/product/b/m/bm12x24ch.gif
BM12X24PN,Handle Towelbar Combo,https://www.framelessshowerdoors.com/media/catalog/product/b/m/bm12x24pn.gif
BM12X24SB,Handle Towelbar Combo,https://www.framelessshowerdoors.com/media/catalog/product/b/m/bm12x24sb.gif
BM12X24SC,Handle Towelbar Combo,https://www.framelessshowerdoors.com/media/catalog/product/b/m/bm12x24sc.gif
BM12X24W,Handle Towelbar Combo,https://www.framelessshowerdoors.com/media/catalog/product/b/m/bm12x24w.gif
SDP12TB24ABR,Handle Towelbar Combo,https://www.framelessshowerdoors.com/media/catalog/product/s/d/sdp12tb24abr.gif
SDP12TB24GP,Handle Towelbar Combo,https://www.framelessshowerdoors.com/media/catalog/product/s/d/sdp12tb24gp.gif
CAC6X18BN,Handle Towelbar Combo,https://www.framelessshowerdoors.com/media/catalog/product/c/a/cac6x18bn.gif
CAC6X18BR,Handle Towelbar Combo,https://www.framelessshowerdoors.com/media/catalog/product/c/a/cac6x18br.gif
CAC6X18CH,Handle Towelbar Combo,https://www.framelessshowerdoors.com/media/catalog/product/c/a/cac6x18ch.gif
CAC8X18BN,Handle Towelbar Combo,https://www.framelessshowerdoors.com/media/catalog/product/c/a/cac8x18bn.gif
CAC8X18BR,Handle Towelbar Combo,https://www.framelessshowerdoors.com/media/catalog/product/c/a/cac8x18br.gif
CAC8X18CH,Handle Towelbar Combo,https://www.framelessshowerdoors.com/media/catalog/product/c/a/cac8x18ch.gif
CAC8X24BN,Handle Towelbar Combo,https://www.framelessshowerdoors.com/media/catalog/product/c/a/cac8x24bn.gif
CAC8X24BR,Handle Towelbar Combo,https://www.framelessshowerdoors.com/media/catalog/product/c/a/cac8x24br.gif
CAC8X24CH,Handle Towelbar Combo,https://www.framelessshowerdoors.com/media/catalog/product/c/a/cac8x24ch.gif
CAT6X18BR,Handle Towelbar Combo,https://www.framelessshowerdoors.com/media/catalog/product/c/a/cat6x18br.gif
CAT6X18CH,Handle Towelbar Combo,https://www.framelessshowerdoors.com/media/catalog/product/c/a/cat6x18ch.gif
CAT8X18BR,Handle Towelbar Combo,https://www.framelessshowerdoors.com/media/catalog/product/c/a/cat8x18br.gif
CAT8X18CH,Handle Towelbar Combo,https://www.framelessshowerdoors.com/media/catalog/product/c/a/cat8x18ch.gif
CAT8X24BR,Handle Towelbar Combo,https://www.framelessshowerdoors.com/media/catalog/product/c/a/cat8x24br.gif
CAT8X24CH,Handle Towelbar Combo,https://www.framelessshowerdoors.com/media/catalog/product/c/a/cat8x24ch.gif
C0L6X180RB,Handle Towelbar Combo,https://www.framelessshowerdoors.com/media/catalog/product/c/0/c0l6x180rb.gif
C0L6X18BN,Handle Towelbar Combo,https://www.framelessshowerdoors.com/media/catalog/product/c/0/c0l6x18bn.gif
C0L6X18BR,Handle Towelbar Combo,https://www.framelessshowerdoors.com/media/catalog/product/c/0/c0l6x18br.gif
C0L6X18CH,Handle Towelbar Combo,https://www.framelessshowerdoors.com/media/catalog/product/c/0/c0l6x18ch.gif
C0L6X18SC,Handle Towelbar Combo,https://www.framelessshowerdoors.com/media/catalog/product/c/0/c0l6x18sc.gif
C0L6X18W,Handle Towelbar Combo,https://www.framelessshowerdoors.com/media/catalog/product/c/0/c0l6x18w.gif
C0L6X240RB,Handle Towelbar Combo,https://www.framelessshowerdoors.com/media/catalog/product/c/0/c0l6x240rb.gif
C0L6X24BN,Handle Towelbar Combo,https://www.framelessshowerdoors.com/media/catalog/product/c/0/c0l6x24bn.gif
C0L6X24BR,Handle Towelbar Combo,https://www.framelessshowerdoors.com/media/catalog/product/c/0/c0l6x24br.gif
C0L6X24CH,Handle Towelbar Combo,https://www.framelessshowerdoors.com/media/catalog/product/c/0/c0l6x24ch.gif
C0L6X24SC,Handle Towelbar Combo,https://www.framelessshowerdoors.com/media/catalog/product/c/0/c0l6x24sc.gif
C0L6X24W,Handle Towelbar Combo,https://www.framelessshowerdoors.com/media/catalog/product/c/0/c0l6x24w.gif
MT6X180RB,Handle Towelbar Combo,https://www.framelessshowerdoors.com/media/catalog/product/m/t/mt6x180rb.gif
MT6X18BN,Handle Towelbar Combo,https://www.framelessshowerdoors.com/media/catalog/product/m/t/mt6x18bn.gif
MT6X18BR,Handle Towelbar Combo,https://www.framelessshowerdoors.com/media/catalog/product/m/t/mt6x18br.gif
MT6X18CH,Handle Towelbar Combo,https://www.framelessshowerdoors.com/media/catalog/product/m/t/mt6x18ch.gif
MT6X18PN,Handle Towelbar Combo,https://www.framelessshowerdoors.com/media/catalog/product/m/t/mt6x18pn.gif
MT6X18SC,Handle Towelbar Combo,https://www.framelessshowerdoors.com/media/catalog/product/m/t/mt6x18sc.gif
MT6X240RB,Handle Towelbar Combo,https://www.framelessshowerdoors.com/media/catalog/product/m/t/mt6x240rb.gif
MT6X24BN,Handle Towelbar Combo,https://www.framelessshowerdoors.com/media/catalog/product/m/t/mt6x24bn.gif
MT6X24BR,Handle Towelbar Combo,https://www.framelessshowerdoors.com/media/catalog/product/m/t/mt6x24br.gif
MT6X24CH,Handle Towelbar Combo,https://www.framelessshowerdoors.com/media/catalog/product/m/t/mt6x24ch.gif
MT6X24PN,Handle Towelbar Combo,https://www.framelessshowerdoors.com/media/catalog/product/m/t/mt6x24pn.gif
MT6X24SC,Handle Towelbar Combo,https://www.framelessshowerdoors.com/media/catalog/product/m/t/mt6x24sc.gif
MT8X180RB,Handle Towelbar Combo,https://www.framelessshowerdoors.com/media/catalog/product/m/t/mt8x180rb.gif
MT8X18BN,Handle Towelbar Combo,https://www.framelessshowerdoors.com/media/catalog/product/m/t/mt8x18bn.gif
MT8X18BR,Handle Towelbar Combo,https://www.framelessshowerdoors.com/media/catalog/product/m/t/mt8x18br.gif
MT8X18CH,Handle Towelbar Combo,https://www.framelessshowerdoors.com/media/catalog/product/m/t/mt8x18ch.gif
MT8X18PN,Handle Towelbar Combo,https://www.framelessshowerdoors.com/media/catalog/product/m/t/mt8x18pn.gif
MT8X18SC,Handle Towelbar Combo,https://www.framelessshowerdoors.com/media/catalog/product/m/t/mt8x18sc.gif
MT8X240RB,Handle Towelbar Combo,https://www.framelessshowerdoors.com/media/catalog/product/m/t/mt8x240rb.gif
MT8X24BN,Handle Towelbar Combo,https://www.framelessshowerdoors.com/media/catalog/product/m/t/mt8x24bn.gif
MT8X24BR,Handle Towelbar Combo,https://www.framelessshowerdoors.com/media/catalog/product/m/t/mt8x24br.gif
MT8X24CH,Handle Towelbar Combo,https://www.framelessshowerdoors.com/media/catalog/product/m/t/mt8x24ch.gif
MT8X24PN,Handle Towelbar Combo,https://www.framelessshowerdoors.com/media/catalog/product/m/t/mt8x24pn.gif
MT8X24SC,Handle Towelbar Combo,https://www.framelessshowerdoors.com/media/catalog/product/m/t/mt8x24sc.gif
SQ6X180RB,Handle Towelbar Combo,https://www.framelessshowerdoors.com/media/catalog/product/s/q/sq6x180rb.gif
SQ6X18BN,Handle Towelbar Combo,https://www.framelessshowerdoors.com/media/catalog/product/s/q/sq6x18bn.gif
SQ6X18BR,Handle Towelbar Combo,https://www.framelessshowerdoors.com/media/catalog/product/s/q/sq6x18br.gif
SQ6X18CH,Handle Towelbar Combo,https://www.framelessshowerdoors.com/media/catalog/product/s/q/sq6x18ch.gif
SQ6X18PN,Handle Towelbar Combo,https://www.framelessshowerdoors.com/media/catalog/product/s/q/sq6x18pn.gif
SQ6X18SC,Handle Towelbar Combo,https://www.framelessshowerdoors.com/media/catalog/product/s/q/sq6x18sc.gif
SQ6X240RB,Handle Towelbar Combo,https://www.framelessshowerdoors.com/media/catalog/product/s/q/sq6x240rb.gif
SQ6X24BN,Handle Towelbar Combo,https://www.framelessshowerdoors.com/media/catalog/product/s/q/sq6x24bn.gif
SQ6X24BR,Handle Towelbar Combo,https://www.framelessshowerdoors.com/media/catalog/product/s/q/sq6x24br.gif
SQ6X24CH,Handle Towelbar Combo,https://www.framelessshowerdoors.com/media/catalog/product/s/q/sq6x24ch.gif
SQ6X24PN,Handle Towelbar Combo,https://www.framelessshowerdoors.com/media/catalog/product/s/q/sq6x24pn.gif
SQ6X24SC,Handle Towelbar Combo,https://www.framelessshowerdoors.com/media/catalog/product/s/q/sq6x24sc.gif
SQ8X180RB,Handle Towelbar Combo,https://www.framelessshowerdoors.com/media/catalog/product/s/q/sq8x180rb.gif
SQ8X18BN,Handle Towelbar Combo,https://www.framelessshowerdoors.com/media/catalog/product/s/q/sq8x18bn.gif
SQ8X18BR,Handle Towelbar Combo,https://www.framelessshowerdoors.com/media/catalog/product/s/q/sq8x18br.gif
SQ8X18CH,Handle Towelbar Combo,https://www.framelessshowerdoors.com/media/catalog/product/s/q/sq8x18ch.gif
SQ8X18PN,Handle Towelbar Combo,https://www.framelessshowerdoors.com/media/catalog/product/s/q/sq8x18pn.gif
SQ8X18SC,Handle Towelbar Combo,https://www.framelessshowerdoors.com/media/catalog/product/s/q/sq8x18sc.gif
SQ8X240RB,Handle Towelbar Combo,https://www.framelessshowerdoors.com/media/catalog/product/s/q/sq8x240rb.gif
SQ8X24BN,Handle Towelbar Combo,https://www.framelessshowerdoors.com/media/catalog/product/s/q/sq8x24bn.gif
SQ8X24BR,Handle Towelbar Combo,https://www.framelessshowerdoors.com/media/catalog/product/s/q/sq8x24br.gif
SQ8X24CH,Handle Towelbar Combo,https://www.framelessshowerdoors.com/media/catalog/product/s/q/sq8x24ch.gif
SQ8X24PN,Handle Towelbar Combo,https://www.framelessshowerdoors.com/media/catalog/product/s/q/sq8x24pn.gif
SQ8X24SC,Handle Towelbar Combo,https://www.framelessshowerdoors.com/media/catalog/product/s/q/sq8x24sc.gif
V1C6X180RB,Handle Towelbar Combo,https://www.framelessshowerdoors.com/media/catalog/product/v/1/v1c6x180rb.gif
V1C6X18BN,Handle Towelbar Combo,https://www.framelessshowerdoors.com/media/catalog/product/v/1/v1c6x18bn.gif
V1C6X18BR,Handle Towelbar Combo,https://www.framelessshowerdoors.com/media/catalog/product/v/1/v1c6x18br.gif
V1C6X18CH,Handle Towelbar Combo,https://www.framelessshowerdoors.com/media/catalog/product/v/1/v1c6x18ch.gif
V1C6X18SC,Handle Towelbar Combo,https://www.framelessshowerdoors.com/media/catalog/product/v/1/v1c6x18sc.gif
V1C6X240RB,Handle Towelbar Combo,https://www.framelessshowerdoors.com/media/catalog/product/v/1/v1c6x240rb.gif
V1C6X24BN,Handle Towelbar Combo,https://www.framelessshowerdoors.com/media/catalog/product/v/1/v1c6x24bn.gif
V1C6X24BR,Handle Towelbar Combo,https://www.framelessshowerdoors.com/media/catalog/product/v/1/v1c6x24br.gif
V1C6X24CH,Handle Towelbar Combo,https://www.framelessshowerdoors.com/media/catalog/product/v/1/v1c6x24ch.gif
V1C6X24SC,Handle Towelbar Combo,https://www.framelessshowerdoors.com/media/catalog/product/v/1/v1c6x24sc.gif
V1C8X180RB,Handle Towelbar Combo,https://www.framelessshowerdoors.com/media/catalog/product/v/1/v1c8x180rb.gif
V1C8X18ABC0,Handle Towelbar Combo,https://www.framelessshowerdoors.com/media/catalog/product/v/1/v1c8x18abc0.gif
V1C8X18ABN,Handle Towelbar Combo,https://www.framelessshowerdoors.com/media/catalog/product/v/1/v1c8x18abn.gif
V1C8X18BN,Handle Towelbar Combo,https://www.framelessshowerdoors.com/media/catalog/product/v/1/v1c8x18bn.gif
V1C8X18BR,Handle Towelbar Combo,https://www.framelessshowerdoors.com/media/catalog/product/v/1/v1c8x18br.gif
V1C8X18CH,Handle Towelbar Combo,https://www.framelessshowerdoors.com/media/catalog/product/v/1/v1c8x18ch.gif
V1C8X18GM,Handle Towelbar Combo,https://www.framelessshowerdoors.com/media/catalog/product/v/1/v1c8x18gm.gif
V1C8X18GP,Handle Towelbar Combo,https://www.framelessshowerdoors.com/media/catalog/product/v/1/v1c8x18gp.gif
V1C8X18PN,Handle Towelbar Combo,https://www.framelessshowerdoors.com/media/catalog/product/v/1/v1c8x18pn.gif
V1C8X18SB,Handle Towelbar Combo,https://www.framelessshowerdoors.com/media/catalog/product/v/1/v1c8x18sb.gif
V1C8X18SC,Handle Towelbar Combo,https://www.framelessshowerdoors.com/media/catalog/product/v/1/v1c8x18sc.gif
V1C8X240RB,Handle Towelbar Combo,https://www.framelessshowerdoors.com/media/catalog/product/v/1/v1c8x240rb.gif
V1C8X24ABN,Handle Towelbar Combo,https://www.framelessshowerdoors.com/media/catalog/product/v/1/v1c8x24abn.gif
V1C8X24BN,Handle Towelbar Combo,https://www.framelessshowerdoors.com/media/catalog/product/v/1/v1c8x24bn.gif
V1C8X24BR,Handle Towelbar Combo,
V1C8X24CH,Handle Towelbar Combo,https://www.framelessshowerdoors.com/media/catalog/product/v/1/v1c8x24ch.gif
V1C8X24PN,Handle Towelbar Combo,https://www.framelessshowerdoors.com/media/catalog/product/v/1/v1c8x24pn.gif
V1C8X24SB,Handle Towelbar Combo,https://www.framelessshowerdoors.com/media/catalog/product/v/1/v1c8x24sb.gif
V1C8X24SC,Handle Towelbar Combo,https://www.framelessshowerdoors.com/media/catalog/product/v/1/v1c8x24sc.gif
P990WS,Door Sweep,https://www.framelessshowerdoors.com/media/catalog/product/b/o/bottom_sweep_19.gif
P912WS,Door Sweep,https://www.framelessshowerdoors.com/media/catalog/product/b/o/bottom_sweep_19.gif
